{
  "n_episodes": 50,
  "mean_reward": 0.3464,
  "std_reward": 0.39058806945425256,
  "mean_episode_length": 1.0,
  "mission_success_rate": 0.42,
  "mean_targets_detected": 0.64,
  "std_targets_detected": 0.7418894796396563,
  "team_destruction_rate": 0.16,
  "mean_decision_time": 0.036109880399999995,
  "std_decision_time": 0.02335157766292145,
  "episode_rewards": [
    0.2,
    0.66,
    0.6300000000000001,
    0.2,
    0.6300000000000001,
    0.66,
    0.2,
    -0.5,
    0.2,
    0.6300000000000001,
    0.6300000000000001,
    0.6300000000000001,
    0.2,
    -0.5,
    0.6300000000000001,
    0.6300000000000001,
    0.6300000000000001,
    0.2,
    0.2,
    0.66,
    0.6300000000000001,
    0.6300000000000001,
    0.6300000000000001,
    0.2,
    0.6300000000000001,
    0.2,
    0.6300000000000001,
    0.2,
    0.66,
    0.2,
    0.6300000000000001,
    0.6300000000000001,
    0.6300000000000001,
    0.6300000000000001,
    0.2,
    0.2,
    0.6300000000000001,
    0.6300000000000001,
    -0.5,
    0.6300000000000001,
    -0.5,
    -0.5,
    0.66,
    0.2,
    0.6300000000000001,
    -0.47,
    -0.5,
    0.6300000000000001,
    0.6300000000000001,
    0.2
  ],
  "episode_lengths": [
    1,
    1,
    1,
    1,
    1,
    1,
    1,
    1,
    1,
    1,
    1,
    1,
    1,
    1,
    1,
    1,
    1,
    1,
    1,
    1,
    1,
    1,
    1,
    1,
    1,
    1,
    1,
    1,
    1,
    1,
    1,
    1,
    1,
    1,
    1,
    1,
    1,
    1,
    1,
    1,
    1,
    1,
    1,
    1,
    1,
    1,
    1,
    1,
    1,
    1
  ],
  "mission_successes": [
    0.0,
    1.0,
    0.0,
    0.0,
    1.0,
    1.0,
    1.0,
    0.0,
    1.0,
    0.0,
    1.0,
    0.0,
    1.0,
    0.0,
    0.0,
    0.0,
    0.0,
    0.0,
    0.0,
    1.0,
    1.0,
    1.0,
    0.0,
    0.0,
    0.0,
    0.0,
    1.0,
    1.0,
    0.0,
    0.0,
    0.0,
    0.0,
    1.0,
    1.0,
    0.0,
    1.0,
    1.0,
    0.0,
    0.0,
    0.0,
    0.0,
    1.0,
    1.0,
    0.0,
    1.0,
    0.0,
    1.0,
    0.0,
    1.0,
    0.0
  ],
  "targets_detected": [
    0,
    2,
    0,
    1,
    1,
    2,
    2,
    0,
    1,
    0,
    1,
    0,
    1,
    0,
    0,
    0,
    0,
    0,
    0,
    2,
    1,
    1,
    0,
    0,
    0,
    0,
    1,
    2,
    1,
    0,
    0,
    0,
    1,
    2,
    0,
    1,
    1,
    0,
    0,
    1,
    0,
    2,
    1,
    0,
    2,
    0,
    1,
    0,
    1,
    0
  ]
}