{
  "n_episodes": 50,
  "mean_reward": 0.10140000000000005,
  "std_reward": 0.4687003733730112,
  "mean_episode_length": 1.0,
  "mission_success_rate": 0.32,
  "mean_targets_detected": 0.52,
  "std_targets_detected": 0.5741080037762929,
  "team_destruction_rate": 0.46,
  "mean_decision_time": 0.0393925968,
  "std_decision_time": 0.025474448359550667,
  "episode_rewards": [
    0.2,
    0.6300000000000001,
    -0.47,
    0.2,
    0.6300000000000001,
    0.6300000000000001,
    0.2,
    -0.5,
    0.2,
    0.6300000000000001,
    0.6300000000000001,
    -0.47,
    0.2,
    -0.5,
    0.6300000000000001,
    -0.47,
    -0.47,
    0.2,
    -0.5,
    0.6300000000000001,
    -0.47,
    0.6300000000000001,
    -0.47,
    0.2,
    0.6300000000000001,
    0.2,
    0.6300000000000001,
    -0.5,
    0.6300000000000001,
    0.2,
    0.6300000000000001,
    0.6300000000000001,
    0.6300000000000001,
    0.6300000000000001,
    0.2,
    0.2,
    -0.47,
    -0.47,
    -0.5,
    -0.47,
    0.2,
    0.2,
    -0.47,
    0.2,
    -0.47,
    0.6300000000000001,
    0.2,
    0.6300000000000001,
    -0.47,
    -0.5
  ],
  "episode_lengths": [
    1,
    1,
    1,
    1,
    1,
    1,
    1,
    1,
    1,
    1,
    1,
    1,
    1,
    1,
    1,
    1,
    1,
    1,
    1,
    1,
    1,
    1,
    1,
    1,
    1,
    1,
    1,
    1,
    1,
    1,
    1,
    1,
    1,
    1,
    1,
    1,
    1,
    1,
    1,
    1,
    1,
    1,
    1,
    1,
    1,
    1,
    1,
    1,
    1,
    1
  ],
  "mission_successes": [
    0.0,
    1.0,
    0.0,
    1.0,
    1.0,
    1.0,
    1.0,
    0.0,
    0.0,
    0.0,
    0.0,
    0.0,
    0.0,
    0.0,
    0.0,
    0.0,
    0.0,
    0.0,
    0.0,
    0.0,
    0.0,
    1.0,
    0.0,
    0.0,
    0.0,
    0.0,
    0.0,
    1.0,
    1.0,
    0.0,
    0.0,
    0.0,
    1.0,
    1.0,
    0.0,
    1.0,
    1.0,
    0.0,
    0.0,
    1.0,
    0.0,
    0.0,
    1.0,
    0.0,
    1.0,
    0.0,
    1.0,
    0.0,
    0.0,
    0.0
  ],
  "targets_detected": [
    0,
    2,
    0,
    1,
    1,
    1,
    2,
    0,
    1,
    0,
    1,
    0,
    1,
    0,
    0,
    0,
    0,
    0,
    0,
    1,
    1,
    1,
    0,
    0,
    0,
    0,
    1,
    1,
    1,
    0,
    0,
    0,
    1,
    1,
    0,
    1,
    1,
    0,
    0,
    1,
    0,
    1,
    1,
    0,
    1,
    0,
    1,
    0,
    1,
    0
  ]
}