{"losses": [0.0344669321763136, 0.016940170747887406, 0.015243965382298703, 0.015929310721911373, 0.015563064532592373, 0.017839951182446693, 0.0178346885482631, 0.02063238623523107, 0.022407983142008203, 0.024267717312962393, 0.0253462666508437, 0.029757009160456874, 0.030779448569342064, 0.03386171254463238, 0.03399463645799655, 0.04227327878518977, 0.04667741725613004, 0.04961328825142137, 0.0589787308471015, 0.061411849572472324, 0.07017515097755495, 0.07747905461413358, 0.08121131446582794, 0.08897098152875595, 0.09332458681019117, 0.1098672809590861, 0.1398523179501195, 0.15789690538441878, 0.19696631494500505, 0.21509114564032736, 0.25255937646435295, 0.2974585653741805], "max_q_mean": [1.2054351568222046, 1.2163273096084595, 1.2213839292526245, 1.2316272258758545, 1.1873281002044678, 1.2180463075637817, 1.2103608846664429, 1.2715914249420166, 1.2274584770202637, 1.2179795503616333, 1.2728134393692017, 1.2831909656524658, 1.27409827709198, 1.2936879396438599, 1.2749310731887817, 1.2581288814544678, 1.2727298736572266, 1.2539499998092651, 1.2829467058181763, 1.2791221141815186, 1.2737524509429932, 1.2458828687667847, 1.2759346961975098, 1.2414404153823853, 1.3252836465835571, 1.3163822889328003, 1.3937236070632935, 1.4503144025802612, 1.549985408782959, 1.605167269706726, 1.7028273344039917, 1.739396572113037], "max_q_std": [0.3710366189479828, 0.32892906665802, 0.3075920343399048, 0.2832358181476593, 0.254629909992218, 0.2314392477273941, 0.23364637792110443, 0.2274748682975769, 0.21610820293426514, 0.222561776638031, 0.2372308373451233, 0.24442028999328613, 0.2979080080986023, 0.2763221263885498, 0.28888729214668274, 0.34537529945373535, 0.36282631754875183, 0.4369727373123169, 0.46064668893814087, 0.5082458257675171, 0.535382866859436, 0.5856452584266663, 0.5893961191177368, 0.6381471157073975, 0.6990786790847778, 0.7858829498291016, 0.9079886078834534, 0.9361989498138428, 1.0323244333267212, 1.1747117042541504, 1.2379989624023438, 1.285093903541565], "reshape_rate": [0.0, 0.0, 0.0, 0.0, 0.0, 0.0, 0.0, 0.0, 0.0, 0.0, 0.0, 0.0, 0.0, 0.0, 0.0, 0.0, 0.0, 0.0, 0.0, 0.0, 0.0, 0.0, 0.0, 0.0, 0.0, 0.0, 0.0, 0.0, 0.0, 0.0, 0.0, 0.0], "n_epochs": 32}