{"losses": [0.26581414434081, 0.2575027316274472, 0.2902236098707409, 0.3439111162678228, 0.4116244971771246, 0.4721306938864052, 0.5090779333200101, 0.5569186420412436, 0.6057238755378008, 0.6385005297432635, 0.6644813160432286, 0.7054042183864437, 0.6976643925516004, 0.7074437526540017, 0.7013283395679446, 0.7209231104229538, 0.7633552598396123, 0.8337046979674915, 0.8922973000724703, 0.9665899257367613, 1.0907516675344198, 1.2982001203504627, 1.4146775309754853, 1.6631896635386305, 1.9083493750032023, 2.3403695396954975, 2.560791914111597, 3.326477799140079, 3.8105394153852163, 4.160997699073274, 4.861793532337941, 5.669906983206886], "max_q_mean": [1.3117014169692993, 1.5602607727050781, 1.7225624322891235, 1.9468135833740234, 2.1665008068084717, 2.4963467121124268, 2.7392947673797607, 3.1127548217773438, 3.399137020111084, 3.6492769718170166, 3.925662040710449, 4.0521345138549805, 4.225831031799316, 4.323381423950195, 4.525118827819824, 4.62703275680542, 4.798814296722412, 4.870855808258057, 4.973475933074951, 5.051318168640137, 5.103938102722168, 5.182937145233154, 5.2065348625183105, 5.2673492431640625, 5.3652873039245605, 5.4508957862854, 5.560132026672363, 5.642214775085449, 5.785545825958252, 5.853706359863281, 5.940504550933838, 6.139033317565918], "max_q_std": [0.27967122197151184, 0.42811739444732666, 0.6134610772132874, 0.9867087602615356, 1.113537073135376, 1.4296009540557861, 1.5634783506393433, 1.8914856910705566, 2.2362775802612305, 2.3954503536224365, 2.6462368965148926, 2.748796224594116, 2.9926626682281494, 3.04705810546875, 3.1243948936462402, 3.290053129196167, 3.415332317352295, 3.535759687423706, 3.5478410720825195, 3.637641668319702, 3.6830241680145264, 3.7907025814056396, 3.8336689472198486, 3.959261894226074, 4.1938157081604, 4.283436298370361, 4.4860100746154785, 4.768955707550049, 5.0874481201171875, 5.230805397033691, 5.512004375457764, 5.8844218254089355], "reshape_rate": [0.28125, 0.28125, 0.28125, 0.28125, 0.28125, 0.28125, 0.28125, 0.28125, 0.28125, 0.28125, 0.28125, 0.28125, 0.28125, 0.28125, 0.28125, 0.28125, 0.28125, 0.28125, 0.28125, 0.28125, 0.28125, 0.28125, 0.28125, 0.28125, 0.28125, 0.28125, 0.28125, 0.28125, 0.28125, 0.28125, 0.28125, 0.28125], "n_epochs": 32}