{"losses": [0.3383051749800598, 0.22653573906948257, 0.24111337980753939, 0.2746611792932857, 0.3341504766411421, 0.40600101077373446, 0.47472794187015516, 0.5795965959602983, 0.6962180296376481, 0.7972683171800096, 0.8635619298940126, 0.9257921400490705, 0.9884870635600768, 1.0821816195446459, 1.2056458729501722, 1.2832789609778705, 1.3655166926480133, 1.4160105778278829, 1.5104080336061085, 1.5946798239012991, 1.6981259107914075, 1.8456183405886386, 1.960953156388676, 2.1366437619859675, 2.221006774089553, 2.4383430583128245, 2.647402310588906, 2.9228437299173557, 3.2051540515391532, 3.4926322298207904, 3.9258576185465164, 4.25812105463386], "max_q_mean": [3.280639410018921, 3.3579843044281006, 3.3420779705047607, 3.3613603115081787, 3.3756179809570312, 3.44449782371521, 3.413505792617798, 3.5225865840911865, 3.7170581817626953, 3.7701990604400635, 3.9584691524505615, 4.016164779663086, 4.185257911682129, 4.218998908996582, 4.2867913246154785, 4.367496967315674, 4.3962507247924805, 4.433017730712891, 4.436173915863037, 4.504160404205322, 4.499957084655762, 4.594869613647461, 4.676861763000488, 4.781487464904785, 4.800365447998047, 4.853874206542969, 4.936214923858643, 5.062290668487549, 5.220023155212402, 5.326079845428467, 5.444605350494385, 5.473651885986328], "max_q_std": [0.6960644125938416, 0.4503011703491211, 0.30149605870246887, 0.22794513404369354, 0.34952640533447266, 0.6734931468963623, 0.8811351656913757, 1.2414641380310059, 1.617000699043274, 1.7902729511260986, 2.153820037841797, 2.203718423843384, 2.5491127967834473, 2.6548142433166504, 2.9726197719573975, 3.066911458969116, 3.171705722808838, 3.318608045578003, 3.362522602081299, 3.4195332527160645, 3.5241637229919434, 3.5243148803710938, 3.5044896602630615, 3.4110610485076904, 3.404040813446045, 3.497067928314209, 3.45762300491333, 3.40423321723938, 3.3378069400787354, 3.3900537490844727, 3.394582509994507, 3.448585033416748], "reshape_rate": [0.28125, 0.28125, 0.28125, 0.28125, 0.28125, 0.28125, 0.28125, 0.28125, 0.28125, 0.28125, 0.28125, 0.28125, 0.28125, 0.28125, 0.28125, 0.28125, 0.28125, 0.28125, 0.28125, 0.28125, 0.28125, 0.28125, 0.28125, 0.28125, 0.28125, 0.28125, 0.28125, 0.28125, 0.28125, 0.28125, 0.28125, 0.28125], "n_epochs": 32}