{"losses": [0.3603066387234516, 0.2388546223562597, 0.26436257586550926, 0.2979815544682184, 0.3401804260346709, 0.4063826334518446, 0.45791305940259586, 0.5162442933372132, 0.5436704207245122, 0.616229137646633, 0.6857262391515945, 0.7121032544634711, 0.7744479106498283, 0.7678959432240485, 0.7915578956755114, 0.8635447050770327, 0.9197472766537825, 0.9757356404800268, 1.1350402246478577, 1.221517801609143, 1.3384072114063592, 1.46808003746784, 1.7997238679518315, 1.9393134256598281, 2.125390762642083, 2.452998124950216, 2.583367293636182, 2.8414186086892013, 3.067415865860813, 3.228182350131522, 3.5608568068369557, 3.986151077616459], "max_q_mean": [2.097414255142212, 2.3828470706939697, 2.5532329082489014, 2.8527445793151855, 3.0107741355895996, 3.508387565612793, 3.747417449951172, 4.275601863861084, 4.712504863739014, 4.901435375213623, 5.189378261566162, 5.391152858734131, 5.6455841064453125, 5.836507320404053, 5.943318843841553, 6.055949687957764, 6.171640872955322, 6.338202953338623, 6.0935587882995605, 6.307870864868164, 6.435576915740967, 6.603100776672363, 6.628269672393799, 6.8157196044921875, 6.941427230834961, 6.938107013702393, 7.163367748260498, 7.286921977996826, 7.356749534606934, 7.400205135345459, 7.620831489562988, 7.698826313018799], "max_q_std": [0.4738386571407318, 0.4347195029258728, 0.5430694222450256, 0.8899293541908264, 1.0927178859710693, 1.5442506074905396, 1.6508309841156006, 2.057431936264038, 2.4559693336486816, 2.5203452110290527, 2.858055591583252, 2.98795223236084, 3.2699899673461914, 3.393526315689087, 3.5954184532165527, 3.6987204551696777, 3.881953716278076, 4.053585529327393, 4.097136974334717, 4.246767520904541, 4.282469272613525, 4.482375621795654, 4.484959602355957, 4.619535446166992, 4.83327579498291, 4.901517868041992, 4.9890007972717285, 5.171052932739258, 5.303864002227783, 5.332106590270996, 5.637458324432373, 5.768733978271484], "reshape_rate": [0.28125, 0.28125, 0.28125, 0.28125, 0.28125, 0.28125, 0.28125, 0.28125, 0.28125, 0.28125, 0.28125, 0.28125, 0.28125, 0.28125, 0.28125, 0.28125, 0.28125, 0.28125, 0.28125, 0.28125, 0.28125, 0.28125, 0.28125, 0.28125, 0.28125, 0.28125, 0.28125, 0.28125, 0.28125, 0.28125, 0.28125, 0.28125], "n_epochs": 32}