{"losses": [0.11166500466025422, 0.01657753827670564, 0.01762082976276498, 0.02053914798620257, 0.02224334413279623, 0.02220147036210659, 0.024284746299695136, 0.02730977844993051, 0.030000881395820248, 0.0308002438789732, 0.03179241172675992, 0.033831745160149744, 0.03253606390680524, 0.035929128100884486, 0.03636625898786118, 0.03647693566193628, 0.03553628611629388, 0.039600615271813716, 0.03724569751707856, 0.034528962537710685, 0.03760755818966829, 0.03536907459100024, 0.042665578640917516, 0.054758958293947245, 0.05731522158117996, 0.06599157365028854, 0.07724942260546426, 0.08805871944801189, 0.0984611125047606, 0.12632474668083113, 0.14275268498431323, 0.158123356235904], "max_q_mean": [1.9203497171401978, 1.961656093597412, 1.9572330713272095, 1.919663667678833, 1.903415560722351, 1.9512717723846436, 1.9544050693511963, 1.9835314750671387, 1.9508793354034424, 2.0055665969848633, 1.9574593305587769, 1.9081248044967651, 1.9922502040863037, 1.9553337097167969, 1.953512191772461, 1.9551615715026855, 1.9169539213180542, 1.8997869491577148, 1.8877872228622437, 1.8663655519485474, 1.832120418548584, 1.830548882484436, 1.7961702346801758, 1.830644965171814, 1.8548575639724731, 1.8188856840133667, 1.8845833539962769, 1.8851277828216553, 1.9158146381378174, 1.8823994398117065, 1.9680765867233276, 1.9207487106323242], "max_q_std": [0.6961194276809692, 0.6196796894073486, 0.5778608322143555, 0.47721898555755615, 0.4437178075313568, 0.38728561997413635, 0.3550100028514862, 0.3256857395172119, 0.2835598587989807, 0.31257620453834534, 0.2840554416179657, 0.30185073614120483, 0.30676960945129395, 0.3380724787712097, 0.3697662353515625, 0.37660807371139526, 0.3812796473503113, 0.39415183663368225, 0.4008007347583771, 0.397296279668808, 0.40661191940307617, 0.4354611337184906, 0.48075857758522034, 0.5203257203102112, 0.565811812877655, 0.5953404903411865, 0.6502796411514282, 0.6985744833946228, 0.8007484674453735, 0.8822633624076843, 1.0123902559280396, 0.9949236512184143], "reshape_rate": [0.0, 0.0, 0.0, 0.0, 0.0, 0.0, 0.0, 0.0, 0.0, 0.0, 0.0, 0.0, 0.0, 0.0, 0.0, 0.0, 0.0, 0.0, 0.0, 0.0, 0.0, 0.0, 0.0, 0.0, 0.0, 0.0, 0.0, 0.0, 0.0, 0.0, 0.0, 0.0], "n_epochs": 32}