{"losses": [0.0986590105139921, 0.015547578761787256, 0.015417660775394077, 0.014850703538322425, 0.01900039682116046, 0.01886019165417932, 0.020512658167331124, 0.02411654663727429, 0.02605897133616032, 0.040024475931910206, 0.03506637587633566, 0.03725597315224033, 0.040128099521182035, 0.04398060193173253, 0.05065971540174448, 0.054055414537460364, 0.06086399528169921, 0.06800982483770583, 0.07675922098322134, 0.08336364903183781, 0.08758962719114533, 0.08928474936489417, 0.10485756858734942, 0.104218032230443, 0.12256326632891398, 0.13455777625161583, 0.15721860964825465, 0.192239070693973, 0.23588459857080069, 0.267609765506904, 0.3009855456837476, 0.3525893373340941], "max_q_mean": [3.3363966941833496, 3.448786735534668, 3.379897356033325, 3.3651790618896484, 3.308016061782837, 3.2726714611053467, 3.281238317489624, 3.2634236812591553, 3.347653865814209, 3.310364246368408, 3.3276050090789795, 3.317669153213501, 3.236027717590332, 3.309171199798584, 3.2163639068603516, 3.304926633834839, 3.274385690689087, 3.2986931800842285, 3.2884037494659424, 3.2901768684387207, 3.3430027961730957, 3.4388935565948486, 3.40398907661438, 3.3671298027038574, 3.415038585662842, 3.3945837020874023, 3.4680612087249756, 3.4759480953216553, 3.561249256134033, 3.629054307937622, 3.703498125076294, 3.760758876800537], "max_q_std": [0.8668339252471924, 0.8409264087677002, 0.7841811776161194, 0.7144315242767334, 0.6611169576644897, 0.5745481252670288, 0.5418553948402405, 0.46521425247192383, 0.41007018089294434, 0.36790260672569275, 0.30204370617866516, 0.2839653491973877, 0.23345987498760223, 0.2317175716161728, 0.16763004660606384, 0.16703666746616364, 0.12450516223907471, 0.10635916888713837, 0.10220793634653091, 0.10880307108163834, 0.11006823927164078, 0.10375946760177612, 0.13688506186008453, 0.16769006848335266, 0.2111058235168457, 0.20669332146644592, 0.2323906570672989, 0.23583124577999115, 0.27892667055130005, 0.2904660999774933, 0.31694114208221436, 0.3355144262313843], "reshape_rate": [0.0, 0.0, 0.0, 0.0, 0.0, 0.0, 0.0, 0.0, 0.0, 0.0, 0.0, 0.0, 0.0, 0.0, 0.0, 0.0, 0.0, 0.0, 0.0, 0.0, 0.0, 0.0, 0.0, 0.0, 0.0, 0.0, 0.0, 0.0, 0.0, 0.0, 0.0, 0.0], "n_epochs": 32}