{
  "n_episodes": 20,
  "mean_reward": 0.441,
  "std_reward": 0.21821778112702003,
  "mean_episode_length": 1.0,
  "mission_success_rate": 0.45,
  "mean_targets_detected": 0.75,
  "std_targets_detected": 0.9937303457175896,
  "team_destruction_rate": 0.15,
  "mean_decision_time": 0.02850228,
  "std_decision_time": 0.008355634288765875,
  "episode_rewards": [
    0.2,
    0.66,
    0.6300000000000001,
    0.2,
    0.6300000000000001,
    0.66,
    0.2,
    0.2,
    0.2,
    0.6300000000000001,
    0.6300000000000001,
    0.6300000000000001,
    0.2,
    0.2,
    0.6300000000000001,
    0.6300000000000001,
    0.6300000000000001,
    0.2,
    0.2,
    0.66
  ],
  "episode_lengths": [
    1,
    1,
    1,
    1,
    1,
    1,
    1,
    1,
    1,
    1,
    1,
    1,
    1,
    1,
    1,
    1,
    1,
    1,
    1,
    1
  ],
  "mission_successes": [
    0.0,
    1.0,
    0.0,
    1.0,
    1.0,
    1.0,
    1.0,
    0.0,
    1.0,
    0.0,
    1.0,
    0.0,
    1.0,
    0.0,
    0.0,
    0.0,
    0.0,
    0.0,
    0.0,
    1.0
  ],
  "targets_detected": [
    0,
    3,
    0,
    1,
    1,
    2,
    3,
    0,
    1,
    0,
    1,
    0,
    1,
    0,
    0,
    0,
    0,
    0,
    0,
    2
  ]
}