{
  "scenario": "hard",
  "rs_drl": {
    "q_means": [
      5.258235454559326,
      4.797719955444336,
      5.219644069671631
    ],
    "mean": 5.091866493225098,
    "std": 0.2554681252391272,
    "p_shapiro": 0.14439056814024742
  },
  "baseline": {
    "q_means": [
      0.9827508330345154,
      0.653744637966156,
      0.6824459433555603
    ],
    "mean": 0.7729804714520773,
    "std": 0.18223239196581956,
    "p_shapiro": 0.15055575288640577
  },
  "statistics": {
    "levene_p_value": 0.8038491856773726,
    "equal_variance_assumed": true,
    "t_statistic": 23.838265411877973,
    "p_value": 1.8364316039229e-05,
    "cohens_d": 19.463862204046034,
    "percentage_gain": 558.731582656908
  }
}