{
  "scenario": "medium",
  "rs_drl": {
    "q_means": [
      5.245852947235107,
      4.849102020263672,
      5.132506370544434
    ],
    "mean": 5.075820446014404,
    "std": 0.20435947505080718,
    "p_shapiro": 0.5366803952318367
  },
  "baseline": {
    "q_means": [
      0.9885556697845459,
      0.6513922214508057,
      0.6798980832099915
    ],
    "mean": 0.773281991481781,
    "std": 0.18697650511805003,
    "p_shapiro": 0.14572699716490167
  },
  "statistics": {
    "levene_p_value": 0.8845351562895644,
    "equal_variance_assumed": true,
    "t_statistic": 26.904354440832368,
    "p_value": 1.1346753278943402e-05,
    "cohens_d": 21.96731341300731,
    "percentage_gain": 556.3996707446915
  }
}