{
  "n_episodes": 50,
  "mean_reward": 0.4524,
  "std_reward": 0.21495636766562654,
  "mean_episode_length": 1.0,
  "mission_success_rate": 0.48,
  "mean_targets_detected": 0.68,
  "std_targets_detected": 0.8352245207128439,
  "team_destruction_rate": 0.08,
  "mean_decision_time": 0.032827164,
  "std_decision_time": 0.021228706966292227,
  "episode_rewards": [
    0.2,
    0.66,
    0.6300000000000001,
    0.2,
    0.6300000000000001,
    0.66,
    0.2,
    0.2,
    0.2,
    0.6300000000000001,
    0.6300000000000001,
    0.6300000000000001,
    0.2,
    0.2,
    0.6300000000000001,
    0.6300000000000001,
    0.6300000000000001,
    0.2,
    0.2,
    0.66,
    0.6300000000000001,
    0.6300000000000001,
    0.6300000000000001,
    0.2,
    0.6300000000000001,
    0.2,
    0.6300000000000001,
    0.2,
    0.66,
    0.2,
    0.6300000000000001,
    0.6300000000000001,
    0.6300000000000001,
    0.6300000000000001,
    0.2,
    0.2,
    0.6300000000000001,
    0.6300000000000001,
    0.2,
    0.6300000000000001,
    0.2,
    0.2,
    0.66,
    0.2,
    0.6300000000000001,
    0.6300000000000001,
    0.2,
    0.6300000000000001,
    0.6300000000000001,
    0.2
  ],
  "episode_lengths": [
    1,
    1,
    1,
    1,
    1,
    1,
    1,
    1,
    1,
    1,
    1,
    1,
    1,
    1,
    1,
    1,
    1,
    1,
    1,
    1,
    1,
    1,
    1,
    1,
    1,
    1,
    1,
    1,
    1,
    1,
    1,
    1,
    1,
    1,
    1,
    1,
    1,
    1,
    1,
    1,
    1,
    1,
    1,
    1,
    1,
    1,
    1,
    1,
    1,
    1
  ],
  "mission_successes": [
    0.0,
    1.0,
    0.0,
    1.0,
    1.0,
    1.0,
    1.0,
    0.0,
    1.0,
    0.0,
    1.0,
    0.0,
    1.0,
    0.0,
    0.0,
    0.0,
    0.0,
    0.0,
    0.0,
    1.0,
    1.0,
    1.0,
    0.0,
    0.0,
    0.0,
    0.0,
    1.0,
    1.0,
    1.0,
    0.0,
    0.0,
    0.0,
    1.0,
    1.0,
    0.0,
    1.0,
    1.0,
    0.0,
    0.0,
    1.0,
    0.0,
    1.0,
    1.0,
    0.0,
    1.0,
    0.0,
    1.0,
    0.0,
    1.0,
    0.0
  ],
  "targets_detected": [
    0,
    3,
    0,
    1,
    1,
    2,
    3,
    0,
    1,
    0,
    1,
    0,
    1,
    0,
    0,
    0,
    0,
    0,
    0,
    2,
    1,
    1,
    0,
    0,
    0,
    0,
    1,
    2,
    1,
    0,
    0,
    0,
    1,
    2,
    0,
    1,
    1,
    0,
    0,
    1,
    0,
    2,
    1,
    0,
    2,
    0,
    1,
    0,
    1,
    0
  ]
}