{
  "n_episodes": 50,
  "mean_reward": 0.43720000000000003,
  "std_reward": 0.2700299242676634,
  "mean_episode_length": 1.42,
  "mission_success_rate": 0.46,
  "mean_targets_detected": 0.72,
  "std_targets_detected": 0.8726969691708572,
  "team_destruction_rate": 0.08,
  "mean_decision_time": 0.036501589999999993,
  "std_decision_time": 0.025169365859514615,
  "episode_rewards": [
    0.2,
    0.6300000000000001,
    0.6300000000000001,
    0.2,
    0.2,
    0.2,
    0.2,
    0.66,
    0.2,
    0.2,
    0.2,
    0.66,
    0.2,
    0.6300000000000001,
    0.2,
    0.6300000000000001,
    0.66,
    0.6300000000000001,
    0.2,
    0.6300000000000001,
    0.2,
    0.6300000000000001,
    0.6300000000000001,
    0.2,
    0.66,
    0.6300000000000001,
    0.2,
    0.66,
    -0.7100000000000001,
    0.66,
    0.6300000000000001,
    0.6300000000000001,
    0.66,
    0.2,
    0.2,
    0.2,
    0.6300000000000001,
    0.69,
    0.6300000000000001,
    0.2,
    0.6300000000000001,
    0.6300000000000001,
    0.6300000000000001,
    0.6300000000000001,
    0.6300000000000001,
    0.2,
    0.2,
    0.6300000000000001,
    0.66,
    0.6300000000000001
  ],
  "episode_lengths": [
    1,
    1,
    1,
    1,
    1,
    1,
    1,
    1,
    1,
    1,
    1,
    1,
    1,
    1,
    1,
    1,
    1,
    1,
    1,
    1,
    1,
    1,
    1,
    1,
    1,
    1,
    1,
    1,
    22,
    1,
    1,
    1,
    1,
    1,
    1,
    1,
    1,
    1,
    1,
    1,
    1,
    1,
    1,
    1,
    1,
    1,
    1,
    1,
    1,
    1
  ],
  "mission_successes": [
    0.0,
    0.0,
    1.0,
    0.0,
    1.0,
    0.0,
    1.0,
    0.0,
    0.0,
    1.0,
    1.0,
    0.0,
    0.0,
    1.0,
    1.0,
    1.0,
    0.0,
    1.0,
    0.0,
    1.0,
    1.0,
    0.0,
    1.0,
    1.0,
    1.0,
    0.0,
    0.0,
    1.0,
    1.0,
    1.0,
    0.0,
    0.0,
    1.0,
    0.0,
    1.0,
    0.0,
    0.0,
    0.0,
    0.0,
    0.0,
    0.0,
    0.0,
    0.0,
    0.0,
    1.0,
    0.0,
    1.0,
    0.0,
    1.0,
    1.0
  ],
  "targets_detected": [
    0,
    0,
    1,
    0,
    1,
    0,
    1,
    0,
    0,
    2,
    1,
    0,
    0,
    2,
    3,
    1,
    0,
    1,
    0,
    2,
    1,
    0,
    1,
    1,
    1,
    0,
    0,
    1,
    2,
    1,
    0,
    0,
    1,
    0,
    2,
    0,
    0,
    0,
    0,
    0,
    0,
    2,
    0,
    0,
    2,
    0,
    1,
    0,
    2,
    3
  ]
}