{
  "medium_ablation": {
    "0.0": {
      "q_means": [
        2.829998254776001,
        1.1535251140594482,
        1.8594868183135986
      ],
      "mean": 1.9476700623830159,
      "std": 0.6872519001001793
    },
    "0.1": {
      "q_means": [
        5.3063201904296875,
        3.2856602668762207,
        4.207128047943115
      ],
      "mean": 4.266369501749675,
      "std": 0.8259938635973078
    },
    "0.3": {
      "q_means": [
        8.849940299987793,
        7.389156341552734,
        8.330343246459961
      ],
      "mean": 8.189813296000162,
      "std": 0.6045846748181624
    },
    "0.5": {
      "q_means": [
        12.845738410949707,
        11.509255409240723,
        12.806716918945312
      ],
      "mean": 12.387236913045248,
      "std": 0.6210310298080675
    }
  },
  "hard_ablation": {
    "0.0": {
      "q_means": [
        3.3332149982452393,
        1.567916750907898,
        2.2261264324188232
      ],
      "mean": 2.3757527271906533,
      "std": 0.7284048766898953
    },
    "0.1": {
      "q_means": [
        5.428016185760498,
        3.5166566371917725,
        4.245268821716309
      ],
      "mean": 4.396647214889526,
      "std": 0.7876168249497931
    },
    "0.3": {
      "q_means": [
        8.99372673034668,
        7.349756240844727,
        8.541068077087402
      ],
      "mean": 8.29485034942627,
      "std": 0.6933623966581409
    },
    "0.5": {
      "q_means": [
        13.676593780517578,
        11.92818546295166,
        13.708572387695312
      ],
      "mean": 13.104450543721518,
      "std": 0.8318474671910091
    }
  }
}