{"losses": [0.02732515277594558, 0.01566862199906702, 0.014660383209432016, 0.014448532081713242, 0.01315572356447314, 0.014739117603494145, 0.015381426825872282, 0.015595017128441276, 0.014792156261084875, 0.015531755122602065, 0.014095105183668251, 0.014802171667868142, 0.014803766644492426, 0.016153207819000488, 0.015212270238859491, 0.015185005358785806, 0.014032534877462586, 0.013983727260046309, 0.013548210155296052, 0.011885193208801631, 0.010945763989714202, 0.011082894369223032, 0.010020102680125363, 0.009252632201180309, 0.007789358795231754, 0.008076172559206831, 0.00727809106209047, 0.006394093005012282, 0.006540057854454878, 0.005578124965018426, 0.005549944721307428, 0.005567656890121916], "max_q_mean": [0.9221744537353516, 0.9368182420730591, 0.973919689655304, 0.979046642780304, 0.9503287672996521, 0.9746010303497314, 0.9340978860855103, 0.9543562531471252, 0.9429854154586792, 0.9320855736732483, 1.0015161037445068, 0.9616131782531738, 0.9754675030708313, 0.9603838920593262, 0.9317438006401062, 0.908984363079071, 0.8927720189094543, 0.874097466468811, 0.8501539826393127, 0.8325671553611755, 0.823298454284668, 0.8009212017059326, 0.809636116027832, 0.7986519932746887, 0.8193343281745911, 0.7782142162322998, 0.7792273163795471, 0.8078355193138123, 0.7610523700714111, 0.7184485793113708, 0.7069460153579712, 0.6934821605682373], "max_q_std": [0.27087169885635376, 0.23091788589954376, 0.22355833649635315, 0.19949860870838165, 0.17766250669956207, 0.16800189018249512, 0.15117621421813965, 0.14302588999271393, 0.1347343921661377, 0.10713611543178558, 0.125654399394989, 0.13605265319347382, 0.1370057910680771, 0.1299765408039093, 0.12997330725193024, 0.14583373069763184, 0.16358213126659393, 0.1806371957063675, 0.18987484276294708, 0.19385270774364471, 0.1812179982662201, 0.19662311673164368, 0.19878728687763214, 0.19139908254146576, 0.1690024733543396, 0.17696520686149597, 0.16350512206554413, 0.14074520766735077, 0.13171613216400146, 0.1475418210029602, 0.13358069956302643, 0.12056664377450943], "reshape_rate": [0.0, 0.0, 0.0, 0.0, 0.0, 0.0, 0.0, 0.0, 0.0, 0.0, 0.0, 0.0, 0.0, 0.0, 0.0, 0.0, 0.0, 0.0, 0.0, 0.0, 0.0, 0.0, 0.0, 0.0, 0.0, 0.0, 0.0, 0.0, 0.0, 0.0, 0.0, 0.0], "n_epochs": 32}