{"losses": [0.08680206241539117, 0.011141275016597065, 0.010739344009667785, 0.014014050916647276, 0.014473738205823665, 0.013525539789911986, 0.01398539071684708, 0.015612631234493603, 0.01573461712173767, 0.014760285146272397, 0.014868685867081106, 0.016431151117137353, 0.016581113005957892, 0.014691442684110947, 0.01577382789071078, 0.014240599928794026, 0.012331337587546889, 0.012697419095300729, 0.01163761397342528, 0.009046871231352522, 0.009006632642943302, 0.007876742366709861, 0.010274852656657365, 0.009551790200120045, 0.008893800061933932, 0.008705941331939889, 0.008702536216327278, 0.007680256333436966, 0.007031274938613961, 0.00778993233298758, 0.006923879878214625, 0.007104976987735455], "max_q_mean": [1.6180957555770874, 1.6466374397277832, 1.6619422435760498, 1.6872124671936035, 1.653143048286438, 1.6794910430908203, 1.6232621669769287, 1.6508451700210571, 1.6654565334320068, 1.6423978805541992, 1.6584731340408325, 1.6497033834457397, 1.6328558921813965, 1.6207491159439087, 1.6394896507263184, 1.6090463399887085, 1.5888261795043945, 1.5702476501464844, 1.5821706056594849, 1.605790376663208, 1.6025073528289795, 1.5575952529907227, 1.544748306274414, 1.5064756870269775, 1.5653780698776245, 1.5393534898757935, 1.5368242263793945, 1.5270798206329346, 1.5752962827682495, 1.503401517868042, 1.530707597732544, 1.4731262922286987], "max_q_std": [0.5778756737709045, 0.5281404256820679, 0.49125194549560547, 0.4313143491744995, 0.38570573925971985, 0.33444738388061523, 0.2889440357685089, 0.2702827751636505, 0.24335834383964539, 0.2348562479019165, 0.21078793704509735, 0.20248688757419586, 0.21306923031806946, 0.20346960425376892, 0.20387884974479675, 0.20999296009540558, 0.19078047573566437, 0.1845017522573471, 0.1618850827217102, 0.12186732888221741, 0.10734296590089798, 0.14447021484375, 0.1522446721792221, 0.15341253578662872, 0.08764240890741348, 0.08034202456474304, 0.07647903263568878, 0.05729775130748749, 0.049410004168748856, 0.04714016243815422, 0.04825732111930847, 0.04695191606879234], "reshape_rate": [0.0, 0.0, 0.0, 0.0, 0.0, 0.0, 0.0, 0.0, 0.0, 0.0, 0.0, 0.0, 0.0, 0.0, 0.0, 0.0, 0.0, 0.0, 0.0, 0.0, 0.0, 0.0, 0.0, 0.0, 0.0, 0.0, 0.0, 0.0, 0.0, 0.0, 0.0, 0.0], "n_epochs": 32}