{"losses": [0.2568398482916297, 0.2583402015946128, 0.28309421926240763, 0.3245963680625878, 0.3623110462414165, 0.41901081435086635, 0.4694510110476258, 0.5251907804329783, 0.5568394862048605, 0.6014168055277322, 0.677976000658147, 0.7022228600044714, 0.6992273040678681, 0.6786692449095613, 0.6012637599463194, 0.5334113450594504, 0.4986798565324382, 0.47356754977365767, 0.43899898410377675, 0.38644676336901745, 0.3451209691056216, 0.3384725013974382, 0.3205752775225688, 0.30569961790124217, 0.2924420955601636, 0.2744420560580057, 0.2675772228978202, 0.2639845364969152, 0.24902067099734854, 0.24983061492328607, 0.2493605164861099, 0.24547659109672115], "max_q_mean": [1.0228967666625977, 1.2294294834136963, 1.377586007118225, 1.5607261657714844, 1.682471513748169, 1.9756124019622803, 2.114382028579712, 2.4085493087768555, 2.6795876026153564, 2.7808752059936523, 3.066343307495117, 3.219989776611328, 3.362915515899658, 3.4087753295898438, 3.533111572265625, 3.5640528202056885, 3.667454481124878, 3.769904375076294, 3.7165284156799316, 3.817446708679199, 3.881629705429077, 3.885369062423706, 3.8633337020874023, 3.8626558780670166, 3.8503808975219727, 3.8327796459198, 3.7714803218841553, 3.8273932933807373, 3.762582302093506, 3.7188146114349365, 3.661015510559082, 3.5984504222869873], "max_q_std": [0.2741115987300873, 0.5378714799880981, 0.670717716217041, 0.9830306172370911, 1.1792815923690796, 1.5883939266204834, 1.7708666324615479, 2.1425070762634277, 2.5271401405334473, 2.6566951274871826, 2.9544777870178223, 3.067382335662842, 3.27895450592041, 3.3543388843536377, 3.3929898738861084, 3.4420218467712402, 3.519073724746704, 3.6567270755767822, 3.5981433391571045, 3.7146291732788086, 3.6730782985687256, 3.757218837738037, 3.7634973526000977, 3.7656781673431396, 3.762299060821533, 3.8062093257904053, 3.7433922290802, 3.6730334758758545, 3.621345281600952, 3.565469264984131, 3.5067062377929688, 3.441973924636841], "reshape_rate": [0.28125, 0.28125, 0.28125, 0.28125, 0.28125, 0.28125, 0.28125, 0.28125, 0.28125, 0.28125, 0.28125, 0.28125, 0.28125, 0.28125, 0.28125, 0.28125, 0.28125, 0.28125, 0.28125, 0.28125, 0.28125, 0.28125, 0.28125, 0.28125, 0.28125, 0.28125, 0.28125, 0.28125, 0.28125, 0.28125, 0.28125, 0.28125], "n_epochs": 32}