{"losses": [0.3163353564186682, 0.2233309567585187, 0.24276951106119704, 0.27206145036159496, 0.3186632914137138, 0.3897674283663839, 0.4525089254662414, 0.5482170423075423, 0.6203890950556143, 0.7248502767211954, 0.7360428352571938, 0.7351615741448274, 0.7197154178146974, 0.6727793031537884, 0.688944230063624, 0.6786566930566647, 0.6607697154663589, 0.6606462139173598, 0.6425894404858083, 0.638690374095217, 0.613422369357871, 0.5768028103988546, 0.5687982121938017, 0.5438049421019652, 0.5634994361831039, 0.5040606711818223, 0.4693166791114398, 0.4432600263730359, 0.4134568017209843, 0.4111536910206499, 0.36944520922804613, 0.36444144426021013], "max_q_mean": [3.051016092300415, 3.1094772815704346, 3.254993200302124, 3.3489348888397217, 3.332526922225952, 3.391810655593872, 3.4748904705047607, 3.6341137886047363, 3.8298678398132324, 3.881945848464966, 4.046341896057129, 4.279685974121094, 4.365190505981445, 4.492953300476074, 4.6641411781311035, 4.789108753204346, 4.842246055603027, 4.899892807006836, 4.922151565551758, 5.051290988922119, 5.041402816772461, 5.190676212310791, 5.131957054138184, 5.192736625671387, 5.262973785400391, 5.243902206420898, 5.226917266845703, 5.2419562339782715, 5.236867904663086, 5.224114894866943, 5.21140718460083, 5.223052501678467], "max_q_std": [0.6438733339309692, 0.3991067707538605, 0.3017963469028473, 0.18499071896076202, 0.31275394558906555, 0.6452620029449463, 0.8218586444854736, 1.1646270751953125, 1.542029857635498, 1.6808198690414429, 1.9588563442230225, 2.069863796234131, 2.184657335281372, 2.258502244949341, 2.3756649494171143, 2.425382137298584, 2.5440514087677, 2.618726968765259, 2.6726973056793213, 2.725386142730713, 2.7422778606414795, 2.8106491565704346, 2.859335422515869, 2.9060564041137695, 2.964977979660034, 2.966811418533325, 2.9848718643188477, 2.992182493209839, 2.985309362411499, 2.9601032733917236, 2.9178009033203125, 2.867659091949463], "reshape_rate": [0.28125, 0.28125, 0.28125, 0.28125, 0.28125, 0.28125, 0.28125, 0.28125, 0.28125, 0.28125, 0.28125, 0.28125, 0.28125, 0.28125, 0.28125, 0.28125, 0.28125, 0.28125, 0.28125, 0.28125, 0.28125, 0.28125, 0.28125, 0.28125, 0.28125, 0.28125, 0.28125, 0.28125, 0.28125, 0.28125, 0.28125, 0.28125], "n_epochs": 32}