{"losses": [0.328601972337111, 0.23282111967495248, 0.2499561656395238, 0.2852629703039091, 0.3318552848776843, 0.3838001007974987, 0.42914982708636074, 0.48683080566562853, 0.5072729129835525, 0.5938795147971674, 0.5847801845067594, 0.5464364189306387, 0.5489774602781338, 0.5406177471679243, 0.49927501770621224, 0.48787493844458146, 0.4852508270919857, 0.45613655042518575, 0.4057370682226711, 0.40918005470582375, 0.36399790360359774, 0.353480143112425, 0.33756037126086585, 0.3140334397191885, 0.3271420382621499, 0.3092112451238455, 0.30977674131013366, 0.31241693705434836, 0.3258782783463578, 0.3152101995201636, 0.3092649858754972, 0.29485556837195165], "max_q_mean": [1.7680859565734863, 2.0752460956573486, 2.2663767337799072, 2.730128288269043, 3.076888084411621, 3.549753427505493, 3.8582959175109863, 4.3859381675720215, 4.8807373046875, 5.152395248413086, 5.578423500061035, 5.826854705810547, 6.193818092346191, 6.3138017654418945, 6.485419750213623, 6.523613452911377, 6.718546390533447, 6.733753204345703, 6.8256707191467285, 6.962195873260498, 6.9302873611450195, 6.911442756652832, 6.865368843078613, 6.897830486297607, 6.859493732452393, 6.884564399719238, 6.824170112609863, 6.688843250274658, 6.67451810836792, 6.658918380737305, 6.538605213165283, 6.4596967697143555], "max_q_std": [0.36420971155166626, 0.3939209580421448, 0.5118955373764038, 0.873946487903595, 0.999690592288971, 1.3477954864501953, 1.5669587850570679, 1.9798153638839722, 2.3569791316986084, 2.5044875144958496, 2.780012845993042, 2.872952699661255, 2.9891958236694336, 2.9635915756225586, 3.049342393875122, 3.0352368354797363, 3.225325345993042, 3.184523820877075, 3.129892587661743, 3.2367701530456543, 3.1863620281219482, 3.1435818672180176, 3.169663190841675, 3.142709970474243, 3.094395160675049, 3.114882707595825, 3.084645986557007, 3.0592517852783203, 3.0861427783966064, 3.063180685043335, 3.0554988384246826, 2.9777371883392334], "reshape_rate": [0.28125, 0.28125, 0.28125, 0.28125, 0.28125, 0.28125, 0.28125, 0.28125, 0.28125, 0.28125, 0.28125, 0.28125, 0.28125, 0.28125, 0.28125, 0.28125, 0.28125, 0.28125, 0.28125, 0.28125, 0.28125, 0.28125, 0.28125, 0.28125, 0.28125, 0.28125, 0.28125, 0.28125, 0.28125, 0.28125, 0.28125, 0.28125], "n_epochs": 32}