{"losses": [0.08099894683712541, 0.011857370148320018, 0.011808822274522733, 0.011571114541052438, 0.015317137516081327, 0.014549188734128804, 0.015604386441293321, 0.018686612653227047, 0.020334993252454973, 0.031929726273127894, 0.02930036947091209, 0.028987963859793204, 0.0270361750843224, 0.027407122834492596, 0.029913039332900848, 0.029654622577886824, 0.029384191580404135, 0.02967734944904712, 0.03135164935295631, 0.030218251206179922, 0.028758645911639014, 0.028024317066169674, 0.030975201224926717, 0.026662676117639922, 0.02493399631572773, 0.022839543379535577, 0.020385155269817094, 0.01813971656012419, 0.020075719588553646, 0.018736885892759136, 0.019623090761756015, 0.016123467369903017], "max_q_mean": [3.014963388442993, 3.0462920665740967, 3.0239269733428955, 3.016361951828003, 2.9991254806518555, 2.953693151473999, 2.9229788780212402, 2.872624397277832, 2.884453296661377, 2.860936164855957, 2.8226797580718994, 2.7676634788513184, 2.7079763412475586, 2.726959228515625, 2.72115421295166, 2.7198407649993896, 2.6992552280426025, 2.689546585083008, 2.6651129722595215, 2.639600992202759, 2.6111679077148438, 2.597379684448242, 2.6116719245910645, 2.5700714588165283, 2.557260751724243, 2.5269172191619873, 2.4959001541137695, 2.443687677383423, 2.415865182876587, 2.3718032836914062, 2.314018487930298, 2.2840113639831543], "max_q_std": [0.7998892068862915, 0.7535320520401001, 0.7144650220870972, 0.6520431041717529, 0.6152355670928955, 0.5331918001174927, 0.49812453985214233, 0.4077054560184479, 0.3350842297077179, 0.30486083030700684, 0.231765478849411, 0.19888760149478912, 0.1610942929983139, 0.1459767073392868, 0.12436536699533463, 0.11534468084573746, 0.11443256586790085, 0.12234534323215485, 0.12319088727235794, 0.14647945761680603, 0.15792085230350494, 0.1742514818906784, 0.1717095524072647, 0.17829032242298126, 0.18574555218219757, 0.18570247292518616, 0.16795043647289276, 0.17943988740444183, 0.18028029799461365, 0.18778523802757263, 0.19605715572834015, 0.20000913739204407], "reshape_rate": [0.0, 0.0, 0.0, 0.0, 0.0, 0.0, 0.0, 0.0, 0.0, 0.0, 0.0, 0.0, 0.0, 0.0, 0.0, 0.0, 0.0, 0.0, 0.0, 0.0, 0.0, 0.0, 0.0, 0.0, 0.0, 0.0, 0.0, 0.0, 0.0, 0.0, 0.0, 0.0], "n_epochs": 32}