{
  "model":{
    "0":"RS-DRL(rho=0.3)",
    "1":"Baseline-DQN"
  },
  "mean_reward":{
    "0":0.4476666667,
    "1":0.4476666667
  },
  "std_reward":{
    "0":0.2167899649,
    "1":0.2167899649
  },
  "mission_success_rate":{
    "0":0.4666666667,
    "1":0.4666666667
  },
  "mean_targets_detected":{
    "0":0.7,
    "1":0.7
  },
  "team_destruction_rate":{
    "0":0.1,
    "1":0.1
  },
  "mean_decision_time":{
    "0":0.0339662833,
    "1":0.0339662833
  },
  "time_to_threshold_0.9":{
    "0":-1,
    "1":-1
  },
  "time_to_threshold_0.8":{
    "0":-1,
    "1":-1
  },
  "time_to_threshold_0.7":{
    "0":-1,
    "1":-1
  },
  "total_performance":{
    "0":0.0,
    "1":0.0
  },
  "n_episodes":{
    "0":30,
    "1":30
  }
}