{
  "n_episodes": 10,
  "mean_reward": 0.421,
  "std_reward": 0.22124420896376024,
  "mean_episode_length": 1.0,
  "mission_success_rate": 0.6,
  "mean_targets_detected": 1.1,
  "std_targets_detected": 1.1357816691600549,
  "team_destruction_rate": 0.1,
  "mean_decision_time": 0.02705933,
  "std_decision_time": 0.007743297720874486,
  "episode_rewards": [
    0.2,
    0.66,
    0.6300000000000001,
    0.2,
    0.6300000000000001,
    0.66,
    0.2,
    0.2,
    0.2,
    0.6300000000000001
  ],
  "episode_lengths": [
    1,
    1,
    1,
    1,
    1,
    1,
    1,
    1,
    1,
    1
  ],
  "mission_successes": [
    0.0,
    1.0,
    0.0,
    1.0,
    1.0,
    1.0,
    1.0,
    0.0,
    1.0,
    0.0
  ],
  "targets_detected": [
    0,
    3,
    0,
    1,
    1,
    2,
    3,
    0,
    1,
    0
  ]
}