{
  "seed_42_rho_0.7": {
    "seed": 42,
    "rho": 0.7,
    "steps": [
      1000,
      1000,
      2000,
      2000,
      3000,
      3000,
      4000,
      4000,
      5000,
      5000
    ],
    "eval_rewards": [
      -4.789999961853027,
      -4.789999961853027,
      -4.789999961853027,
      -4.789999961853027,
      -4.789999961853027,
      -4.789999961853027,
      -4.789999961853027,
      -4.789999961853027,
      -4.789999961853027,
      -4.789999961853027
    ],
    "eval_lengths": [
      500.0,
      500.0,
      500.0,
      500.0,
      500.0,
      500.0,
      500.0,
      500.0,
      500.0,
      500.0
    ]
  },
  "seed_42_rho_0.5": {
    "seed": 42,
    "rho": 0.5,
    "steps": [
      1000,
      1000,
      2000,
      2000,
      3000,
      3000,
      4000,
      4000,
      5000,
      5000
    ],
    "eval_rewards": [
      -4.789999961853027,
      -4.789999961853027,
      -4.789999961853027,
      -4.789999961853027,
      -4.789999961853027,
      -4.789999961853027,
      -4.789999961853027,
      -4.789999961853027,
      -4.789999961853027,
      -4.789999961853027
    ],
    "eval_lengths": [
      500.0,
      500.0,
      500.0,
      500.0,
      500.0,
      500.0,
      500.0,
      500.0,
      500.0,
      500.0
    ]
  },
  "seed_42_rho_0.3": {
    "seed": 42,
    "rho": 0.3,
    "steps": [
      1000,
      1000,
      2000,
      2000,
      3000,
      3000,
      4000,
      4000,
      5000,
      5000
    ],
    "eval_rewards": [
      -4.789999961853027,
      -4.789999961853027,
      -4.789999961853027,
      -4.789999961853027,
      -4.789999961853027,
      -4.789999961853027,
      -4.789999961853027,
      -4.789999961853027,
      -4.789999961853027,
      -4.789999961853027
    ],
    "eval_lengths": [
      500.0,
      500.0,
      500.0,
      500.0,
      500.0,
      500.0,
      500.0,
      500.0,
      500.0,
      500.0
    ]
  },
  "seed_42_rho_0.1": {
    "seed": 42,
    "rho": 0.1,
    "steps": [
      1000,
      1000,
      2000,
      2000,
      3000,
      3000,
      4000,
      4000,
      5000,
      5000
    ],
    "eval_rewards": [
      -4.789999961853027,
      -4.789999961853027,
      -4.789999961853027,
      -4.789999961853027,
      -4.789999961853027,
      -4.789999961853027,
      -4.789999961853027,
      -4.789999961853027,
      -4.789999961853027,
      -4.789999961853027
    ],
    "eval_lengths": [
      500.0,
      500.0,
      500.0,
      500.0,
      500.0,
      500.0,
      500.0,
      500.0,
      500.0,
      500.0
    ]
  },
  "seed_43_rho_0.7": {
    "seed": 43,
    "rho": 0.7,
    "steps": [
      1000,
      1000,
      2000,
      2000,
      3000,
      3000,
      4000,
      4000,
      5000,
      5000
    ],
    "eval_rewards": [
      -4.789999961853027,
      -4.789999961853027,
      -4.789999961853027,
      -4.789999961853027,
      -4.789999961853027,
      -4.789999961853027,
      -4.789999961853027,
      -4.789999961853027,
      -4.789999961853027,
      -4.789999961853027
    ],
    "eval_lengths": [
      500.0,
      500.0,
      500.0,
      500.0,
      500.0,
      500.0,
      500.0,
      500.0,
      500.0,
      500.0
    ]
  },
  "seed_43_rho_0.5": {
    "seed": 43,
    "rho": 0.5,
    "steps": [
      1000,
      1000,
      2000,
      2000,
      3000,
      3000,
      4000,
      4000,
      5000,
      5000
    ],
    "eval_rewards": [
      -4.789999961853027,
      -4.789999961853027,
      -4.789999961853027,
      -4.789999961853027,
      -4.789999961853027,
      -4.789999961853027,
      -4.789999961853027,
      -4.789999961853027,
      -4.789999961853027,
      -4.789999961853027
    ],
    "eval_lengths": [
      500.0,
      500.0,
      500.0,
      500.0,
      500.0,
      500.0,
      500.0,
      500.0,
      500.0,
      500.0
    ]
  },
  "seed_43_rho_0.3": {
    "seed": 43,
    "rho": 0.3,
    "steps": [
      1000,
      1000,
      2000,
      2000,
      3000,
      3000,
      4000,
      4000,
      5000,
      5000
    ],
    "eval_rewards": [
      -4.789999961853027,
      -4.789999961853027,
      -4.789999961853027,
      -4.789999961853027,
      -4.789999961853027,
      -4.789999961853027,
      -4.789999961853027,
      -4.789999961853027,
      -4.789999961853027,
      -4.789999961853027
    ],
    "eval_lengths": [
      500.0,
      500.0,
      500.0,
      500.0,
      500.0,
      500.0,
      500.0,
      500.0,
      500.0,
      500.0
    ]
  },
  "seed_43_rho_0.1": {
    "seed": 43,
    "rho": 0.1,
    "steps": [
      1000,
      1000,
      2000,
      2000,
      3000,
      3000,
      4000,
      4000,
      5000,
      5000
    ],
    "eval_rewards": [
      -4.789999961853027,
      -4.789999961853027,
      -4.789999961853027,
      -4.789999961853027,
      -4.789999961853027,
      -4.789999961853027,
      -4.789999961853027,
      -4.789999961853027,
      -4.789999961853027,
      -4.789999961853027
    ],
    "eval_lengths": [
      500.0,
      500.0,
      500.0,
      500.0,
      500.0,
      500.0,
      500.0,
      500.0,
      500.0,
      500.0
    ]
  },
  "seed_44_rho_0.7": {
    "seed": 44,
    "rho": 0.7,
    "steps": [
      1000,
      1000,
      2000,
      3000,
      4000,
      5000
    ],
    "eval_rewards": [
      -4.789999961853027,
      -4.789999961853027,
      -4.789999961853027,
      -4.789999961853027,
      -4.789999961853027,
      -4.789999961853027
    ],
    "eval_lengths": [
      500.0,
      500.0,
      500.0,
      500.0,
      500.0,
      500.0
    ]
  },
  "seed_44_rho_0.5": {
    "seed": 44,
    "rho": 0.5,
    "steps": [
      1000,
      1000,
      2000,
      2000,
      3000,
      3000,
      4000,
      4000,
      5000,
      5000
    ],
    "eval_rewards": [
      -4.789999961853027,
      -4.789999961853027,
      -4.789999961853027,
      -4.789999961853027,
      -4.789999961853027,
      -4.789999961853027,
      -4.789999961853027,
      -4.789999961853027,
      -4.789999961853027,
      -4.789999961853027
    ],
    "eval_lengths": [
      500.0,
      500.0,
      500.0,
      500.0,
      500.0,
      500.0,
      500.0,
      500.0,
      500.0,
      500.0
    ]
  },
  "seed_44_rho_0.3": {
    "seed": 44,
    "rho": 0.3,
    "steps": [
      1000,
      1000,
      2000,
      2000,
      3000,
      3000,
      4000,
      4000,
      5000,
      5000
    ],
    "eval_rewards": [
      -4.789999961853027,
      -4.789999961853027,
      -4.789999961853027,
      -4.789999961853027,
      -4.789999961853027,
      -4.789999961853027,
      -4.789999961853027,
      -4.789999961853027,
      -4.789999961853027,
      -4.789999961853027
    ],
    "eval_lengths": [
      500.0,
      500.0,
      500.0,
      500.0,
      500.0,
      500.0,
      500.0,
      500.0,
      500.0,
      500.0
    ]
  },
  "seed_44_rho_0.1": {
    "seed": 44,
    "rho": 0.1,
    "steps": [
      1000,
      1000,
      2000,
      2000,
      3000,
      3000,
      4000,
      4000,
      5000,
      5000
    ],
    "eval_rewards": [
      -4.789999961853027,
      -4.789999961853027,
      -4.789999961853027,
      -4.789999961853027,
      -4.789999961853027,
      -4.789999961853027,
      -4.789999961853027,
      -4.789999961853027,
      -4.789999961853027,
      -4.789999961853027
    ],
    "eval_lengths": [
      500.0,
      500.0,
      500.0,
      500.0,
      500.0,
      500.0,
      500.0,
      500.0,
      500.0,
      500.0
    ]
  }
}